{"cameraMode":{"drawMode":0,"name":"Shaded","section":"Shading Mode"},"sceneLighting":true,"audioPlay":false,"sceneViewState":{"showFog":true,"showMaterialUpdate":true,"showSkybox":true,"showFlares":true,"showImageEffects":true,"showParticleSystems":true,"showVisualEffectGraphs":true,"m_FxEnabled":true},"in2DMode":false,"pivot":{"x":-5.5053253173828129,"y":2.0465309619903566,"z":-8.517696380615235},"rotation":{"x":0.026923861354589464,"y":-0.45891496539115908,"z":0.013911784626543522,"w":0.8879706263542175},"size":11.271502494812012,"orthographic":false}