{"cameraMode":{"drawMode":0,"name":"Shaded","section":"Shading Mode"},"sceneLighting":true,"audioPlay":false,"sceneViewState":{"showFog":true,"showMaterialUpdate":true,"showSkybox":true,"showFlares":true,"showImageEffects":true,"showParticleSystems":true,"showVisualEffectGraphs":true,"m_FxEnabled":true},"in2DMode":false,"pivot":{"x":-17.513368606567384,"y":-0.3552599549293518,"z":1.8056800365447999},"rotation":{"x":0.04328856244683266,"y":-0.6297662854194641,"z":0.03518098592758179,"w":0.7747914791107178},"size":12.12435531616211,"orthographic":false}