{"cameraMode":{"drawMode":0,"name":"Shaded","section":"Shading Mode"},"sceneLighting":true,"audioPlay":false,"sceneViewState":{"showFog":true,"showMaterialUpdate":true,"showSkybox":true,"showFlares":true,"showImageEffects":true,"showParticleSystems":true,"showVisualEffectGraphs":true,"m_FxEnabled":true},"in2DMode":false,"pivot":{"x":-13.758273124694825,"y":-0.0020967721939086916,"z":5.961938858032227},"rotation":{"x":0.03833381459116936,"y":-0.42240235209465029,"z":0.017878079786896707,"w":0.9054287075996399},"size":11.271502494812012,"orthographic":false}