{"cameraMode":{"drawMode":0,"name":"Shaded","section":"Shading Mode"},"sceneLighting":false,"audioPlay":false,"sceneViewState":{"showFog":true,"showMaterialUpdate":true,"showSkybox":false,"showFlares":true,"showImageEffects":true,"showParticleSystems":true,"showVisualEffectGraphs":true,"m_FxEnabled":true},"in2DMode":false,"pivot":{"x":0.0037871114909648897,"y":1.4209610223770142,"z":0.13864628970623017},"rotation":{"x":0.01568751409649849,"y":-0.9092539548873901,"z":0.03439301252365112,"w":0.4145681858062744},"size":0.08660251647233963,"orthographic":false}