{"cameraMode":{"drawMode":0,"name":"Shaded","section":"Shading Mode"},"sceneLighting":false,"audioPlay":false,"sceneViewState":{"showFog":true,"showMaterialUpdate":true,"showSkybox":false,"showFlares":true,"showImageEffects":true,"showParticleSystems":true,"showVisualEffectGraphs":true,"m_FxEnabled":true},"in2DMode":false,"pivot":{"x":-1.8799999952316285,"y":1.7100000381469727,"z":-5.835999965667725},"rotation":{"x":-0.015795692801475526,"y":-0.7020477056503296,"z":-0.015582654625177384,"w":0.7117926478385925},"size":1.2247449159622193,"orthographic":false}