{"cameraMode":{"drawMode":0,"name":"Shaded","section":"Shading Mode"},"sceneLighting":false,"audioPlay":false,"sceneViewState":{"showFog":true,"showMaterialUpdate":false,"showSkybox":true,"showFlares":true,"showImageEffects":true,"showParticleSystems":true},"in2DMode":false,"pivot":{"x":0.3554615378379822,"y":1.1817482709884644,"z":-0.22411227226257325},"rotation":{"x":0.006360191851854324,"y":-0.9900120496749878,"z":-0.047558896243572238,"w":-0.13268780708312989},"size":3.5847179889678957,"orthographic":false}