{"cameraMode":{"drawMode":0,"name":"Shaded","section":"Shading Mode"},"sceneLighting":false,"audioPlay":false,"sceneViewState":{"showFog":true,"showMaterialUpdate":true,"showSkybox":true,"showFlares":true,"showImageEffects":true,"showParticleSystems":true},"in2DMode":false,"pivot":{"x":573.1046142578125,"y":354.9892272949219,"z":-237.44876098632813},"rotation":{"x":0.1747393012046814,"y":-0.13424979150295258,"z":0.02412797138094902,"w":0.9752120971679688},"size":149.00064086914063,"orthographic":false}