{"cameraMode":{"drawMode":0,"name":"Shaded","section":"Shading Mode"},"sceneLighting":false,"audioPlay":false,"sceneViewState":{"showFog":true,"showMaterialUpdate":true,"showSkybox":true,"showFlares":true,"showImageEffects":true,"showParticleSystems":true},"in2DMode":false,"pivot":{"x":498.7435302734375,"y":331.1615905761719,"z":-157.71676635742188},"rotation":{"x":0.10871736705303192,"y":-0.12522505223751069,"z":0.013869646936655045,"w":0.986147403717041},"size":149.00064086914063,"orthographic":false}