{"cameraMode":{"drawMode":0,"name":"Shaded","section":"Shading Mode"},"sceneLighting":true,"audioPlay":false,"sceneViewState":{"showFog":true,"showMaterialUpdate":false,"showSkybox":true,"showFlares":true,"showImageEffects":true,"showParticleSystems":true},"in2DMode":false,"pivot":{"x":-4.25992488861084,"y":1.7471258640289307,"z":-1.835726261138916},"rotation":{"x":-0.13062602281570435,"y":0.6967513561248779,"z":-0.1313353031873703,"w":-0.6930012702941895},"size":14.2210054397583,"orthographic":false}