{"cameraMode":{"drawMode":0,"name":"Shaded","section":"Shading Mode"},"sceneLighting":false,"audioPlay":false,"sceneViewState":{"showFog":true,"showMaterialUpdate":true,"showSkybox":true,"showFlares":true,"showImageEffects":true,"showParticleSystems":true},"in2DMode":false,"pivot":{"x":-20.364641189575197,"y":-0.524632453918457,"z":-4.073840141296387},"rotation":{"x":-0.030863650143146516,"y":0.8082217574119568,"z":-0.04282858222723007,"w":-0.5866890549659729},"size":24.17119026184082,"orthographic":false}