{"cameraMode":{"drawMode":0,"name":"Shaded","section":"Shading Mode"},"sceneLighting":true,"audioPlay":false,"sceneViewState":{"showFog":true,"showMaterialUpdate":false,"showSkybox":true,"showFlares":true,"showImageEffects":true,"showParticleSystems":true},"in2DMode":false,"pivot":{"x":19.024274826049806,"y":6.330121994018555,"z":-19.253591537475587},"rotation":{"x":-0.19352509081363679,"y":0.409595251083374,"z":-0.08936373144388199,"w":-0.8870148658752441},"size":10.0,"orthographic":false}