{"cameraMode":{"drawMode":0,"name":"Shaded","section":"Shading Mode"},"sceneLighting":true,"audioPlay":false,"sceneViewState":{"showFog":true,"showMaterialUpdate":true,"showSkybox":true,"showFlares":true,"showImageEffects":true,"showParticleSystems":true},"in2DMode":false,"pivot":{"x":801.5438842773438,"y":479.72576904296877,"z":-863.322265625},"rotation":{"x":-0.052702922374010089,"y":0.057801298797130588,"z":-0.003036526497453451,"w":-0.9970384836196899},"size":22.0,"orthographic":false}