{"cameraMode":{"drawMode":0,"name":"Shaded","section":"Shading Mode"},"sceneLighting":false,"audioPlay":false,"sceneViewState":{"showFog":true,"showMaterialUpdate":false,"showSkybox":true,"showFlares":true,"showImageEffects":true,"showParticleSystems":true},"in2DMode":false,"pivot":{"x":0.5435246229171753,"y":-0.3308015763759613,"z":-1.8562864065170289},"rotation":{"x":0.07188867777585983,"y":0.8350685238838196,"z":-0.11239440739154816,"w":0.5338326692581177},"size":1.7923589944839478,"orthographic":false}