{"cameraMode":{"drawMode":0,"name":"Shaded","section":"Shading Mode"},"sceneLighting":true,"audioPlay":false,"sceneViewState":{"showFog":true,"showMaterialUpdate":false,"showSkybox":true,"showFlares":true,"showImageEffects":true,"showParticleSystems":true},"in2DMode":false,"pivot":{"x":-4.258569717407227,"y":0.6268057823181152,"z":1.1388400793075562},"rotation":{"x":-0.09379652142524719,"y":0.704768717288971,"z":-0.09487161040306092,"w":-0.6967812776565552},"size":14.2210054397583,"orthographic":false}